Order,Country,Number of new projects,Newly registered capital (million USD),Adjusted project number,Adjusted capital (million USD),Number of times of capital contribution to buy shares,"Value of capital contribution, share purchase (million USD)",Year,Total number of projects,Total registered capital (million USD),Total investment (million USD)
1,Korea,702,2678.517,260,4048.4,0,0.0,2015,962,6726.9169999999995,6726.9169999999995
2,Malaysia,27,2447.488,15,30.8,0,0.0,2015,42,2478.288,2478.288
3,Japan,299,1284.983,157,556.7,0,0.0,2015,456,1841.683,1841.683
4,Taiwan,110,940.404,61,457.9,0,0.0,2015,171,1398.304,1398.304
5,Samoa,24,1314.037,8,80.6,0,0.0,2015,32,1394.637,1394.637
6,United Kingdom,30,1265.681,5,5.1,0,0.0,2015,35,1270.781,1270.781
7,Singapore,130,1035.007,62,196.3,0,0.0,2015,192,1231.307,1231.307
8,BritishVirginIslands,52,697.815,29,521.4,0,0.0,2015,81,1219.2150000000001,1219.2150000000001
9,Hongkong,89,629.499,46,566.7,0,0.0,2015,135,1196.199,1196.199
10,China,169,665.519,31,69.3,0,0.0,2015,200,734.819,734.819
11,Turkey,2,660.25,0,0.0,0,0.0,2015,2,660.25,660.25
12,Neitherland,24,279.336,12,54.7,0,0.0,2015,36,334.036,334.036
13,Seychelles,17,273.176,6,16.0,0,0.0,2015,23,289.176,289.176
14,Thailand,30,111.132,23,151.3,0,0.0,2015,53,262.432,262.432
15,Cayman Islands,6,246.717,3,11.6,0,0.0,2015,9,258.317,258.317
16,The United States of America,54,217.934,20,9.8,0,0.0,2015,74,227.734,227.734
17,Australia,35,47.071,12,154.1,0,0.0,2015,47,201.171,201.171
18,British West Indies,4,152.0,1,4.0,0,0.0,2015,5,156.0,156.0
19,Brunei Darussalam,18,100.858,10,50.7,0,0.0,2015,28,151.558,151.558
20,India,23,138.991,2,0.0,0,0.0,2015,25,138.991,138.991
21,Switzerland,9,75.206,3,27.0,0,0.0,2015,12,102.206,102.206
22,France,27,84.07,13,14.0,0,0.0,2015,40,98.07,98.07
23,Denmark,6,10.97,6,64.9,0,0.0,2015,12,75.87,75.87
24,Germany,18,46.842,9,27.4,0,0.0,2015,27,74.24199999999999,74.24199999999999
25,Sri Lanka,4,59.13,0,0.0,0,0.0,2015,4,59.13,59.13
26,Luxembourg,6,7.229,3,20.3,0,0.0,2015,9,27.529,27.529
27,Indonesia,5,11.637,2,10.0,0,0.0,2015,7,21.637,21.637
28,Israel,2,16.35,1,2.0,0,0.0,2015,3,18.35,18.35
29,Italia,7,11.51,5,3.7,0,0.0,2015,12,15.21,15.21
30,Russia,10,12.049,0,0.0,0,0.0,2015,10,12.049,12.049
31,Angola,2,11.68,0,0.0,0,0.0,2015,2,11.68,11.68
32,New Zealand,0,0.0,1,11.0,0,0.0,2015,1,11.0,11.0
33,Republic of Cyprus,0,0.0,1,6.4,0,0.0,2015,1,6.4,6.4
34,Canada,10,6.961,2,-0.9,0,0.0,2015,12,6.061,6.061
35,Philippines,4,5.45,0,0.0,0,0.0,2015,4,5.45,5.45
36,Marshall Islands,1,5.0,0,0.0,0,0.0,2015,1,5.0,5.0
37,Belize,0,0.0,1,5.0,0,0.0,2015,1,5.0,5.0
38,Ireland,5,4.82,0,0.0,0,0.0,2015,5,4.82,4.82
39,Burkina Faso,1,3.0,0,0.0,0,0.0,2015,1,3.0,3.0
40,Spain,10,2.619,0,0.0,0,0.0,2015,10,2.619,2.619
41,Laos,2,2.5,0,0.0,0,0.0,2015,2,2.5,2.5
42,Belgium,4,1.298,2,1.1,0,0.0,2015,6,2.398,2.398
43,Norway,2,0.117,1,2.0,0,0.0,2015,3,2.117,2.117
44,Austria,3,2.114,0,0.0,0,0.0,2015,3,2.114,2.114
45,Macao,1,2.0,0,0.0,0,0.0,2015,1,2.0,2.0
46,Island of Nevis,1,1.5,0,0.0,0,0.0,2015,1,1.5,1.5
47,United Arab Emirates,3,1.25,0,0.0,0,0.0,2015,3,1.25,1.25
48,Guatemala,1,1.2,0,0.0,0,0.0,2015,1,1.2,1.2
49,Jordan,2,1.05,0,0.0,0,0.0,2015,2,1.05,1.05
50,Saudi Arabia,1,1.0,0,0.0,0,0.0,2015,1,1.0,1.0
51,Ukraina,4,0.7,0,0.0,0,0.0,2015,4,0.7,0.7
52,Mongolia,1,0.5,0,0.0,0,0.0,2015,1,0.5,0.5
53,Sweden,4,0.464,0,0.0,0,0.0,2015,4,0.464,0.464
54,Poland,4,0.415,0,0.0,0,0.0,2015,4,0.415,0.415
55,Nepal,0,0.0,1,0.4,0,0.0,2015,1,0.4,0.4
56,Czech Republic,1,0.375,0,0.0,0,0.0,2015,1,0.375,0.375
57,Hungary,2,0.055,0,0.0,0,0.0,2015,2,0.055,0.055
58,Pakistan,1,0.05,0,0.0,0,0.0,2015,1,0.05,0.05
59,Iran (Islamic Republic of),1,0.03,0,0.0,0,0.0,2015,1,0.03,0.03
60,Poland,1,0.02,0,0.0,0,0.0,2015,1,0.02,0.02
61,Slovenia,1,0.02,0,0.0,0,0.0,2015,1,0.02,0.02
62,Venezuela,1,0.007,0,0.0,0,0.0,2015,1,0.007,0.007
63,Korea,828,5518.61,411,617.79,644,899.9,2016,1239,6136.4,7036.299999999999
64,Japan,341,868.09,219,1288.08,276,433.68,2016,560,2156.17,2589.85
65,Singapore,210,1590.5,92,571.39,161,257.2,2016,302,2161.89,2419.0899999999997
66,China,278,1263.22,74,441.15,319,170.85,2016,352,1704.37,1875.2199999999998
67,Taiwan,122,826.02,94,501.12,193,533.02,2016,216,1327.1399999999999,1860.1599999999999
68,Hongkong,166,1102.71,58,496.83,25,40.61,2016,224,1599.54,1640.1499999999999
69,Malaysia,40,532.85,26,154.89,96,226.29,2016,66,687.74,914.03
70,BritishVirginIslands,48,440.38,38,382.54,5,35.32,2016,86,822.9200000000001,858.2400000000001
71,Thailand,35,432.56,17,51.35,60,222.59,2016,52,483.91,706.5
72,Cayman Islands,8,633.61,2,11.14,0,0.0,2016,10,644.75,644.75
73,Samoa,26,376.65,26,151.12,0,0.0,2016,52,527.77,527.77
74,Australia,42,194.98,11,128.05,62,124.59,2016,53,323.03,447.62
75,The United States of America,64,197.2,21,98.68,132,104.52,2016,85,295.88,400.4
76,Brunei Darussalam,18,188.15,19,126.05,0,0.0,2016,37,314.2,314.2
77,Luxembourg,0,0.0,6,298.15,2,4.81,2016,6,298.15,302.96
78,Seychelles,38,229.53,12,54.33,0,0.0,2016,50,283.86,283.86
79,United Kingdom,46,164.48,9,33.25,32,22.55,2016,55,197.73,220.28
80,France,39,125.91,9,17.13,69,55.28,2016,48,143.04,198.32
81,India,19,88.85,4,9.14,42,4.7,2016,23,97.99,102.69
82,Neitherland,16,38.37,15,16.17,30,32.11,2016,31,54.54,86.65
83,Canada,15,38.54,3,7.66,32,21.53,2016,18,46.2,67.73
84,British West Indies,4,61.2,1,2.0,1,0.02,2016,5,63.2,63.220000000000006
85,Russia,16,46.99,0,0.0,39,9.78,2016,16,46.99,56.77
86,Philippines,2,10.05,1,4.9,12,39.72,2016,3,14.950000000000001,54.67
87,Switzerland,8,5.6,6,32.76,13,16.04,2016,14,38.36,54.4
88,Denmark,8,3.46,4,37.41,17,10.9,2016,12,40.87,51.769999999999996
89,Bermuda,1,20.55,1,30.0,0,0.0,2016,2,50.55,50.55
90,Germany,21,15.39,8,20.22,41,9.3,2016,29,35.61,44.91
91,Macao,2,3.8,3,38.94,0,0.0,2016,5,42.739999999999995,42.739999999999995
92,Marshall Islands,1,40.0,0,0.0,0,0.0,2016,1,40.0,40.0
93,Italia,11,18.21,2,19.1,12,1.29,2016,13,37.31,38.6
94,Austria,4,1.57,1,16.0,7,17.0,2016,5,17.57,34.57
95,Ukraina,2,0.59,0,0.0,9,28.62,2016,2,0.59,29.21
96,Poland,3,26.36,0,0.0,4,0.17,2016,3,26.36,26.53
97,Belize,2,6.5,3,20.0,0,0.0,2016,5,26.5,26.5
98,Indonesia,8,6.72,3,14.86,14,2.33,2016,11,21.58,23.909999999999997
99,Pakistan,1,0.03,1,21.0,18,1.0,2016,2,21.03,22.03
100,Kazakhstan,0,0.0,0,0.0,2,21.19,2016,0,0.0,21.19
101,New Zealand,1,0.15,4,2.6,11,15.8,2016,5,2.75,18.55
102,Spain,6,0.55,2,0.93,7,16.14,2016,8,1.48,17.62
103,Belarus,1,16.2,0,0.0,2,0.1,2016,1,16.2,16.3
104,Cambodia,5,3.5,0,0.0,3,12.02,2016,5,3.5,15.52
105,Mauritius,1,0.5,4,14.14,0,0.0,2016,5,14.64,14.64
106,Laos,1,9.0,0,0.0,1,4.85,2016,1,9.0,13.85
107,Ireland,0,0.0,1,12.5,2,0.03,2016,1,12.5,12.53
108,Angola,1,6.66,1,5.0,0,0.0,2016,2,11.66,11.66
109,Panama,1,9.0,1,2.0,0,0.0,2016,2,11.0,11.0
110,El Salvador,1,10.0,0,0.0,0,0.0,2016,1,10.0,10.0
111,Belgium,7,2.25,0,0.0,12,6.88,2016,7,2.25,9.129999999999999
112,Sri Lanka,1,0.05,1,7.3,2,0.07,2016,2,7.35,7.42
113,Czech Republic,0,0.0,1,0.4,3,5.69,2016,1,0.4,6.090000000000001
114,Turkey,2,1.15,1,2.0,2,1.48,2016,3,3.15,4.63
115,Portugal,0,0.0,0,0.0,1,4.0,2016,0,0.0,4.0
116,Hungary,0,0.0,0,0.0,2,3.58,2016,0,0.0,3.58
117,Jordan,0,0.0,2,3.0,9,0.44,2016,2,3.0,3.44
118,Sweden,7,1.68,1,0.59,2,0.17,2016,8,2.27,2.44
119,Nigeria,3,0.06,1,0.09,57,1.9,2016,4,0.15,2.05
120,Saint Vincent and the Grenadines,0,0.0,1,1.95,0,0.0,2016,1,1.95,1.95
121,Saudi Arabic,3,1.28,0,0.0,3,0.21,2016,3,1.28,1.49
122,Liechtenstein,1,1.0,0,0.0,0,0.0,2016,1,1.0,1.0
123,Slovenia,0,0.0,0,0.0,1,0.89,2016,0,0.0,0.89
124,Egypt,0,0.0,1,0.05,4,0.53,2016,1,0.05,0.5800000000000001
125,Swaziland,0,0.0,0,0.0,1,0.47,2016,0,0.0,0.47
126,Norway,1,0.02,2,-0.7,2,1.1,2016,3,-0.6799999999999999,0.42000000000000015
127,Poland,1,0.1,1,0.06,2,0.17,2016,2,0.16,0.33
128,Israel,4,0.17,0,0.0,6,0.15,2016,4,0.17,0.32
129,Nepal,0,0.0,0,0.0,6,0.28,2016,0,0.0,0.28
130,Armenia,1,0.01,0,0.0,3,0.26,2016,1,0.01,0.27
131,Cape Verde,0,0.0,0,0.0,1,0.22,2016,0,0.0,0.22
132,Bangladesh,0,0.0,0,0.0,4,0.17,2016,0,0.0,0.17
133,United Arab Emirates,2,0.15,0,0.0,1,0.01,2016,2,0.15,0.16
134,Iraq,1,0.04,0,0.0,3,0.1,2016,1,0.04,0.14
135,Palestine,1,0.09,0,0.0,1,0.03,2016,1,0.09,0.12
136,Congo,0,0.0,0,0.0,2,0.11,2016,0,0.0,0.11
137,Mali,0,0.0,0,0.0,3,0.11,2016,0,0.0,0.11
138,Lithuania,0,0.0,0,0.0,3,0.1,2016,0,0.0,0.1
139,Sudan,1,0.1,0,0.0,0,0.0,2016,1,0.1,0.1
140,Antigua and Barbuda,1,0.1,0,0.0,0,0.0,2016,1,0.1,0.1
141,Romania,0,0.0,0,0.0,1,0.08,2016,0,0.0,0.08
142,Grece,0,0.0,0,0.0,1,0.06,2016,0,0.0,0.06
143,Iran (Islamic Republic of),1,0.01,0,0.0,2,0.04,2016,1,0.01,0.05
144,Yemen,1,0.05,0,0.0,0,0.0,2016,1,0.05,0.05
145,Maroc,1,0.05,0,0.0,0,0.0,2016,1,0.05,0.05
146,Colombia,0,0.0,0,0.0,1,0.04,2016,0,0.0,0.04
147,Republic of Cyprus,0,0.0,0,0.0,2,0.04,2016,0,0.0,0.04
148,South Africa,2,0.02,0,0.0,1,0.01,2016,2,0.02,0.03
149,Bulgaria,1,0.02,0,0.0,0,0.0,2016,1,0.02,0.02
150,Afghanistan,0,0.0,0,0.0,1,0.02,2016,0,0.0,0.02
151,Guinea,0,0.0,0,0.0,2,0.02,2016,0,0.0,0.02
152,Cameroon,0,0.0,0,0.0,2,0.02,2016,0,0.0,0.02
153,Mongolia,0,0.0,0,0.0,1,0.02,2016,0,0.0,0.02
154,Algeria,0,0.0,0,0.0,1,0.01,2016,0,0.0,0.01
155,Sierra Leone,0,0.0,0,0.0,1,0.01,2016,0,0.0,0.01
156,Argentina,1,0.01,0,0.0,0,0.0,2016,1,0.01,0.01
157,Latvia,1,0.01,0,0.0,0,0.0,2016,1,0.01,0.01
158,Japan,367,7745.84,199,894.6,459,471.48,2017,566,8640.44,9111.92
159,Korea,861,3973.26,426,3682.13,1319,838.92,2017,1287,7655.39,8494.31
160,Singapore,186,3771.84,70,843.47,322,692.56,2017,256,4615.31,5307.870000000001
161,China,284,1409.72,83,271.56,817,487.08,2017,367,1681.28,2168.36
162,BritishVirginIslands,41,271.85,21,214.38,56,1165.11,2017,62,486.23,1651.34
163,Hongkong,129,740.4,82,607.48,99,138.51,2017,211,1347.88,1486.39
164,Taiwan,106,326.93,85,776.28,453,356.77,2017,191,1103.21,1459.98
165,The United States of America,73,637.66,17,155.5,158,75.6,2017,90,793.16,868.76
166,Neitherland,36,307.48,15,29.88,35,416.95,2017,51,337.36,754.31
167,Thailand,47,299.63,18,87.76,98,325.5,2017,65,387.39,712.89
168,Samoa,38,214.59,16,185.81,20,66.44,2017,54,400.4,466.84
169,Cayman Islands,8,16.47,5,252.27,17,129.27,2017,13,268.74,398.01
170,Germany,33,338.04,18,64.14,43,11.82,2017,51,402.18,414.0
171,Oman,3,327.03,0,0.0,0,0.0,2017,3,327.03,327.03
172,Malaysia,28,122.77,17,37.33,138,131.18,2017,45,160.1,291.28
173,United Kingdom,38,206.0,7,17.97,41,15.18,2017,45,223.97,239.15
174,India,44,151.38,7,6.23,113,29.88,2017,51,157.60999999999999,187.48999999999998
175,Seychelles,27,72.6,12,43.39,19,48.69,2017,39,115.99,164.68
176,Australia,33,89.06,12,27.47,121,97.56,2017,45,116.53,214.09
177,France,44,63.62,13,14.0,102,28.55,2017,57,77.62,106.17
178,Marshall Islands,0,0.0,2,1.35,3,98.56,2017,2,1.35,99.91
179,Denmark,5,15.83,6,47.92,17,5.83,2017,11,63.75,69.58
180,Belgium,3,0.45,2,2.92,17,52.24,2017,5,3.37,55.61
181,Brunei Darussalam,2,5.02,9,26.42,6,15.49,2017,11,31.44,46.93
182,Indonesia,14,17.99,5,21.75,18,6.11,2017,19,39.739999999999995,45.849999999999994
183,Canada,7,6.59,3,4.15,37,34.54,2017,10,10.74,45.28
184,Switzerland,6,30.72,5,11.81,13,2.13,2017,11,42.53,44.660000000000004
185,Russia,10,1.75,2,1.66,57,40.0,2017,12,3.41,43.41
186,Belize,4,22.03,2,11.5,2,3.01,2017,6,33.53,36.54
187,Poland,1,0.1,2,32.2,5,4.07,2017,3,32.300000000000004,36.370000000000005
188,Angola,0,0.0,2,33.14,1,0.13,2017,2,33.14,33.27
189,Philippines,2,0.05,1,4.0,20,25.98,2017,3,4.05,30.03
190,Anguilla,3,4.05,0,0.0,5,25.95,2017,3,4.05,30.0
191,Israel,4,1.12,3,20.02,8,0.86,2017,7,21.14,22.0
192,British West Indies,1,20.0,1,1.8,0,0.0,2017,2,21.8,21.8
193,Italia,7,0.4,2,13.5,24,5.98,2017,9,13.9,19.880000000000003
194,Mauritius,1,0.02,3,11.93,2,7.15,2017,4,11.95,19.1
195,Luxembourg,3,3.8,3,2.8,5,12.22,2017,6,6.6,18.82
196,Slovakia,2,11.0,0,0.0,3,5.12,2017,2,11.0,16.12
197,Hungary,3,13.22,0,0.0,3,1.13,2017,3,13.22,14.350000000000001
198,Bermuda,1,2.0,1,9.0,0,0.0,2017,2,11.0,11.0
199,Saint Vincent and the Grenadines,0,0.0,1,10.1,0,0.0,2017,1,10.1,10.1
200,Macao,1,0.03,1,9.0,1,0.02,2017,2,9.03,9.049999999999999
201,Spain,10,6.51,0,0.0,7,0.11,2017,10,6.51,6.62
202,Cambodia,1,1.5,1,1.6,5,3.34,2017,2,3.1,6.4399999999999995
203,Turkey,4,4.33,0,0.0,7,1.84,2017,4,4.33,6.17
204,Sweden,4,5.5,1,0.03,17,0.41,2017,5,5.53,5.94
205,Norway,3,0.49,0,0.0,13,3.8,2017,3,0.49,4.29
206,New Zealand,1,0.01,1,0.5,8,3.0,2017,2,0.51,3.51
207,Nigeria,3,0.53,0,0.0,81,2.93,2017,3,0.53,3.46
208,Pakistan,15,0.79,0,0.0,41,2.46,2017,15,0.79,3.25
209,Poland,2,1.65,1,0.2,4,0.94,2017,3,1.8499999999999999,2.79
210,Argentina,1,0.0,0,0.0,1,2.37,2017,1,0.0,2.37
211,United States Virgin Islands,1,0.5,0,0.0,1,1.78,2017,1,0.5,2.2800000000000002
212,Sri Lanka,1,1.0,1,0.2,10,0.79,2017,2,1.2,1.99
213,Egypt,0,0.0,1,0.7,7,1.09,2017,1,0.7,1.79
214,Czech Republic,2,0.12,0,0.0,5,1.57,2017,2,0.12,1.69
215,Austria,3,0.26,1,0.79,4,0.27,2017,4,1.05,1.32
216,South Africa,2,1.02,0,0.0,5,0.12,2017,2,1.02,1.1400000000000001
217,Ghana,2,1.02,0,0.0,2,0.05,2017,2,1.02,1.07
218,Kuwait,1,1.0,0,0.0,0,0.0,2017,1,1.0,1.0
219,Congo,0,0.0,0,0.0,3,0.91,2017,0,0.0,0.91
220,Ukraina,2,0.56,0,0.0,8,0.27,2017,2,0.56,0.8300000000000001
221,Panama,1,0.3,0,0.0,1,0.48,2017,1,0.3,0.78
222,Colombia,0,0.0,0,0.0,1,0.64,2017,0,0.0,0.64
223,Kazakhstan,1,0.44,0,0.0,2,0.18,2017,1,0.44,0.62
224,Bangladesh,2,0.09,0,0.0,13,0.46,2017,2,0.09,0.55
225,Guinea,0,0.0,0,0.0,5,0.5,2017,0,0.0,0.5
226,Laos,0,0.0,0,0.0,1,0.42,2017,0,0.0,0.42
227,Afghanistan,1,0.3,0,0.0,2,0.11,2017,1,0.3,0.41
228,Grenada,1,0.4,0,0.0,0,0.0,2017,1,0.4,0.4
229,Nepal,2,0.08,0,0.0,8,0.3,2017,2,0.08,0.38
230,United Arab Emirates,1,0.02,1,0.35,0,0.0,2017,2,0.37,0.37
231,Iraq,0,0.0,0,0.0,3,0.36,2017,0,0.0,0.36
232,Ireland,1,0.1,0,0.0,3,0.24,2017,1,0.1,0.33999999999999997
233,Sudan,2,0.21,0,0.0,1,0.1,2017,2,0.21,0.31
234,Saudi Arabia,0,0.0,0,0.0,4,0.3,2017,0,0.0,0.3
235,Lebanon,1,0.1,0,0.0,1,0.16,2017,1,0.1,0.26
236,Barbados,1,0.25,0,0.0,0,0.0,2017,1,0.25,0.25
237,Iran (Islamic Republic of),0,0.0,0,0.0,4,0.23,2017,0,0.0,0.23
238,Jordan,0,0.0,0,0.0,5,0.22,2017,0,0.0,0.22
239,Portugal,2,0.11,0,0.0,2,0.1,2017,2,0.11,0.21000000000000002
240,Malawi,0,0.0,0,0.0,1,0.2,2017,0,0.0,0.2
241,Bulgaria,0,0.0,0,0.0,2,0.18,2017,0,0.0,0.18
242,Slovenia,0,0.0,0,0.0,1,0.14,2017,0,0.0,0.14
243,Mongolia,1,0.1,0,0.0,1,0.03,2017,1,0.1,0.13
244,Cuba,1,0.1,0,0.0,1,0.02,2017,1,0.1,0.12000000000000001
245,Latvia,0,0.0,0,0.0,2,0.12,2017,0,0.0,0.12
246,North Korea,0,0.0,0,0.0,2,0.11,2017,0,0.0,0.11
247,Uganda,1,0.04,0,0.0,1,0.07,2017,1,0.04,0.11000000000000001
248,Grece,0,0.0,0,0.0,3,0.08,2017,0,0.0,0.08
249,Turkmenistan,1,0.07,0,0.0,0,0.0,2017,1,0.07,0.07
250,Romania,0,0.0,0,0.0,2,0.07,2017,0,0.0,0.07
251,Brazil,0,0.0,0,0.0,2,0.06,2017,0,0.0,0.06
252,Armenia,0,0.0,0,0.0,1,0.06,2017,0,0.0,0.06
253,Saint Kitts and Nevis,0,0.0,0,0.0,1,0.04,2017,0,0.0,0.04
254,Azerbaijan,0,0.0,0,0.0,1,0.04,2017,0,0.0,0.04
255,Saudi Arabic,0,0.0,0,0.0,1,0.04,2017,0,0.0,0.04
256,Niger,0,0.0,0,0.0,1,0.04,2017,0,0.0,0.04
257,Yemen,0,0.0,0,0.0,1,0.04,2017,0,0.0,0.04
258,Cameroon,1,0.01,0,0.0,1,0.02,2017,1,0.01,0.03
259,Senegal,0,0.0,0,0.0,2,0.02,2017,0,0.0,0.02
260,Costa Rica,1,0.02,0,0.0,0,0.0,2017,1,0.02,0.02
261,Morocco,0,0.0,0,0.0,1,0.02,2017,0,0.0,0.02
262,Syrian Arab Republic,0,0.0,0,0.0,2,0.02,2017,0,0.0,0.02
263,Chile,1,0.02,0,0.0,0,0.0,2017,1,0.02,0.02
264,Mali,0,0.0,0,0.0,3,0.01,2017,0,0.0,0.01
265,Libya,0,0.0,0,0.0,1,0.01,2017,0,0.0,0.01
266,Moldova,0,0.0,0,0.0,1,0.01,2017,0,0.0,0.01
267,Iceland,0,0.0,0,0.0,1,0.01,2017,0,0.0,0.01
268,Ethiopia,1,0.01,0,0.0,0,0.0,2017,1,0.01,0.01
269,Tanzania,0,0.0,0,0.0,2,0.01,2017,0,0.0,0.01
270,Myanmar,0,0.0,0,0.0,1,0.01,2017,0,0.0,0.01
271,Serbia,1,0.005,0,0.0,0,0.0,2017,1,0.005,0.005
272,Republic of Cyprus,2,4.02,1,21.2,1,1.22,2017,3,25.22,26.439999999999998
273,Japan,429,6592.14,201,1397.16,585,609.65,2018,630,7989.3,8598.95
274,Korea,1043,3657.58,403,2270.94,1899,1283.57,2018,1446,5928.52,7212.09
275,Singapore,226,1423.56,69,1846.28,464,1801.18,2018,295,3269.84,5071.02
276,Hongkong,159,1128.86,83,808.09,127,1294.66,2018,242,1936.9499999999998,3231.6099999999997
277,China,389,1217.13,90,445.43,1029,802.33,2018,479,1662.5600000000002,2464.8900000000003
278,BritishVirginIslands,42,293.93,28,240.73,81,1331.61,2018,70,534.66,1866.27
279,Taiwan,133,486.34,71,193.23,506,394.58,2018,204,679.5699999999999,1074.1499999999999
280,Thailand,40,898.63,22,311.46,108,175.28,2018,62,1210.09,1385.37
281,Australia,43,33.4,9,2.82,137,572.85,2018,52,36.22,609.07
282,France,41,523.6,12,14.88,98,48.86,2018,53,538.48,587.34
283,The United States of America,84,164.21,29,42.67,260,343.6,2018,113,206.88,550.48
284,Malaysia,41,254.76,13,27.47,167,153.31,2018,54,282.23,435.54
285,Germany,29,139.35,16,115.76,63,142.46,2018,45,255.11,397.57000000000005
286,Neitherland,17,220.29,16,42.45,41,124.3,2018,33,262.74,387.04
287,Samoa,37,167.08,21,75.56,43,93.38,2018,58,242.64000000000001,336.02
288,Cayman Islands,5,28.33,8,87.58,24,127.03,2018,13,115.91,242.94
289,United Kingdom,45,58.61,15,161.33,74,14.4,2018,60,219.94,234.34
290,Seychelles,23,115.71,13,39.25,27,52.24,2018,36,154.95999999999998,207.2
291,India,40,111.88,2,5.0,92,51.36,2018,42,116.88,168.24
292,Belgium,7,126.43,1,0.41,14,2.55,2018,8,126.84,129.39000000000001
293,Indonesia,8,79.64,3,14.65,16,8.13,2018,11,94.29,102.42
294,Canada,14,4.27,3,0.41,58,81.11,2018,17,4.68,85.78999999999999
295,Switzerland,11,5.94,2,32.5,16,47.11,2018,13,38.44,85.55
296,Macao,3,83.1,0,0.0,1,0.71,2018,3,83.1,83.80999999999999
297,Cambodia,1,0.08,1,0.22,6,82.29,2018,2,0.3,82.59
298,Norway,4,70.08,1,2.0,10,2.16,2018,5,72.08,74.24
299,Philippines,8,2.54,1,0.03,17,50.27,2018,9,2.57,52.84
300,Russia,8,1.09,1,0.13,40,41.42,2018,9,1.2200000000000002,42.64
301,Bermuda,2,31.5,1,8.0,0,0.0,2018,3,39.5,39.5
302,Anguilla,3,15.0,0,0.0,3,15.24,2018,3,15.0,30.240000000000002
303,Nigeria,4,0.29,0,0.0,84,27.14,2018,4,0.29,27.43
304,Luxembourg,3,0.58,4,2.84,10,15.76,2018,7,3.42,19.18
305,Spain,5,1.35,4,1.59,15,14.06,2018,9,2.9400000000000004,17.0
306,Brunei Darussalam,1,0.2,7,2.81,5,19.22,2018,8,3.0100000000000002,22.23
307,Mauritius,1,15.2,0,0.0,1,0.67,2018,1,15.2,15.87
308,Republic of Cyprus,2,0.57,2,11.04,2,0.99,2018,4,11.61,12.6
309,El Salvador,1,2.5,1,10.0,0,0.0,2018,2,12.5,12.5
310,British West Indies,1,3.3,2,5.8,1,1.16,2018,3,9.1,10.26
311,Pakistan,18,1.23,1,0.02,72,6.81,2018,19,1.25,8.059999999999999
312,Belize,0,0.0,0,0.0,6,7.94,2018,0,0.0,7.94
313,Marshall Islands,0,0.0,0,0.0,2,7.92,2018,0,0.0,7.92
314,New Zealand,4,4.9,1,1.19,10,1.42,2018,5,6.09,7.51
315,Sweden,8,2.35,3,1.35,17,2.22,2018,11,3.7,5.92
316,Austria,1,0.05,3,4.85,1,0.01,2018,4,4.8999999999999995,4.909999999999999
317,Italia,7,1.89,1,0.44,20,2.45,2018,8,2.33,4.78
318,Israel,1,0.02,0,0.0,6,4.67,2018,1,0.02,4.6899999999999995
319,United Arab Emirates,4,3.11,0,0.0,1,1.26,2018,4,3.11,4.37
320,Argentina,0,0.0,0,0.0,1,3.48,2018,0,0.0,3.48
321,Czech Republic,4,0.09,0,0.0,11,2.29,2018,4,0.09,2.38
322,Poland,1,0.02,0,0.0,7,2.05,2018,1,0.02,2.07
323,Turkey,1,0.2,0,0.0,11,1.85,2018,1,0.2,2.0500000000000003
324,Angola,0,0.0,1,2.0,0,0.0,2018,1,2.0,2.0
325,Kazakhstan,0,0.0,0,0.0,8,1.98,2018,0,0.0,1.98
326,United States Virgin Islands,0,0.0,0,0.0,4,1.8,2018,0,0.0,1.8
327,Bulgaria,1,0.2,0,0.0,3,1.29,2018,1,0.2,1.49
328,Slovakia,1,0.0,0,0.0,2,1.21,2018,1,0.0,1.21
329,Panama,1,0.05,0,0.0,2,1.12,2018,1,0.05,1.1700000000000002
330,Bangladesh,6,0.25,0,0.0,22,0.89,2018,6,0.25,1.1400000000000001
331,Malawi,0,0.0,0,0.0,1,1.12,2018,0,0.0,1.12
332,Laos,0,0.0,0,0.0,2,1.02,2018,0,0.0,1.02
333,Guinea Bissau,0,0.0,0,0.0,3,1.01,2018,0,0.0,1.01
334,Mali,2,0.32,0,0.0,13,0.52,2018,2,0.32,0.8400000000000001
335,Dominica,0,0.0,0,0.0,1,0.78,2018,0,0.0,0.78
336,Saint Kitts and Nevis,1,0.2,0,0.0,2,0.52,2018,1,0.2,0.72
337,Jordan,0,0.0,0,0.0,2,0.71,2018,0,0.0,0.71
338,Somali,0,0.0,0,0.0,2,0.59,2018,0,0.0,0.59
339,Sudan,0,0.0,0,0.0,8,0.57,2018,0,0.0,0.57
340,Ireland,2,0.25,0,0.0,10,0.27,2018,2,0.25,0.52
341,Venezuela,1,0.5,0,0.0,0,0.0,2018,1,0.5,0.5
342,Sri Lanka,2,0.19,2,0.01,8,0.3,2018,4,0.2,0.5
343,Egypt,2,0.03,0,0.0,8,0.46,2018,2,0.03,0.49
344,Yemen,1,0.02,0,0.0,6,0.37,2018,1,0.02,0.39
345,Burkina Faso,0,0.0,0,0.0,7,0.38,2018,0,0.0,0.38
346,Trinidad and Tobago,0,0.0,0,0.0,2,0.35,2018,0,0.0,0.35
347,Lithuania,1,0.27,0,0.0,0,0.0,2018,1,0.27,0.27
348,South Africa,3,0.05,0,0.0,4,0.21,2018,3,0.05,0.26
349,Poland,3,0.14,0,0.0,4,0.11,2018,3,0.14,0.25
350,Afghanistan,1,0.09,0,0.0,4,0.15,2018,1,0.09,0.24
351,Grece,2,0.05,0,0.0,3,0.19,2018,2,0.05,0.24
352,Ukraina,0,0.0,0,0.0,5,0.23,2018,0,0.0,0.23
353,Guinea,0,0.0,0,0.0,6,0.21,2018,0,0.0,0.21
354,Tonga,0,0.0,0,0.0,1,0.18,2018,0,0.0,0.18
355,Niger,0,0.0,0,0.0,1,0.17,2018,0,0.0,0.17
356,Nepal,0,0.0,0,0.0,9,0.17,2018,0,0.0,0.17
357,Saudi Arabic,1,0.03,0,0.0,3,0.13,2018,1,0.03,0.16
358,Saint Vincent and the Grenadines,0,0.0,0,0.0,1,0.15,2018,0,0.0,0.15
359,Gambia,0,0.0,0,0.0,1,0.15,2018,0,0.0,0.15
360,Iraq,1,0.05,0,0.0,5,0.09,2018,1,0.05,0.14
361,Antigua and Barbuda,1,0.02,0,0.0,1,0.09,2018,1,0.02,0.11
362,Myanmar,0,0.0,0,0.0,1,0.1,2018,0,0.0,0.1
363,British Isles,1,0.1,0,0.0,0,0.0,2018,1,0.1,0.1
364,North Korea,0,0.0,0,0.0,1,0.09,2018,0,0.0,0.09
365,Latvia,1,0.08,0,0.0,1,0.01,2018,1,0.08,0.09
366,Turkmenistan,0,0.0,0,0.0,4,0.08,2018,0,0.0,0.08
367,Iceland,0,0.0,0,0.0,2,0.07,2018,0,0.0,0.07
368,Liberia,0,0.0,0,0.0,2,0.07,2018,0,0.0,0.07
369,Algeria,1,0.05,0,0.0,0,0.0,2018,1,0.05,0.05
370,Ethiopia,0,0.0,0,0.0,1,0.04,2018,0,0.0,0.04
371,Uganda,1,0.0,0,0.0,2,0.03,2018,1,0.0,0.03
372,Ghana,0,0.0,0,0.0,1,0.02,2018,0,0.0,0.02
373,Kuwait,1,0.0,0,0.0,1,0.02,2018,1,0.0,0.02
374,Romania,0,0.0,0,0.0,2,0.02,2018,0,0.0,0.02
375,Portugal,0,0.0,0,0.0,1,0.01,2018,0,0.0,0.01
376,Liechtenstein,1,0.01,0,0.0,0,0.0,2018,1,0.01,0.01
377,Mexico,1,0.01,0,0.0,0,0.0,2018,1,0.01,0.01
378,Iran (Islamic Republic of),0,0.0,0,0.0,1,0.01,2018,0,0.0,0.01
379,Rumani,0,0.0,0,0.0,1,0.01,2018,0,0.0,0.01
380,Colombia,0,0.0,0,0.0,1,0.0,2018,0,0.0,0.0
381,Serbia,0,0.0,0,0.0,2,0.0,2018,0,0.0,0.0
382,Dominican Republic,0,0.0,0,0.0,1,0.0,2018,0,0.0,0.0
383,Haiti,0,0.0,0,0.0,1,0.0,2018,0,0.0,0.0
384,Denmark,4,0.33,2,4.73,17,1.7,2018,6,5.0600000000000005,6.760000000000001
385,Korea,1137,3668.76,457,1580.26,2959,2667.98,2019,1594,5249.02,7917.0
386,Hongkong,328,2811.88,100,606.16,191,4450.58,2019,428,3418.04,7868.62
387,Singapore,296,2100.94,90,-290.5,658,2691.28,2019,386,1810.44,4501.72
388,Japan,435,1820.69,220,1070.79,787,1246.12,2019,655,2891.48,4137.6
389,China,683,2373.37,145,650.36,1925,1039.21,2019,828,3023.73,4062.94
390,Taiwan,152,860.62,90,304.81,733,676.86,2019,242,1165.43,1842.29
391,BritishVirginIslands,45,500.42,34,321.08,79,550.54,2019,79,821.5,1372.04
392,Samoa,55,543.09,29,243.69,31,99.89,2019,84,786.78,886.67
393,Thailand,46,562.35,18,85.14,143,220.73,2019,64,647.49,868.22
394,Neitherland,29,390.85,17,262.48,57,174.45,2019,46,653.33,827.78
395,Cayman Islands,8,21.6,6,99.56,31,387.06,2019,14,121.16,508.22
396,The United States of America,105,163.03,30,182.33,328,115.1,2019,135,345.36,460.46000000000004
397,United Kingdom,36,149.28,14,73.3,95,80.68,2019,50,222.57999999999998,303.26
398,Seychelles,34,163.33,9,30.33,27,73.4,2019,43,193.66000000000003,267.06000000000006
399,Australia,51,42.81,12,75.19,191,108.47,2019,63,118.0,226.47
400,Malaysia,36,23.62,17,123.78,203,68.72,2019,53,147.4,216.12
401,France,44,37.13,12,28.84,187,112.76,2019,56,65.97,178.73000000000002
402,Canada,28,31.28,5,1.36,107,145.86,2019,33,32.64,178.5
403,Germany,34,39.11,10,50.13,79,48.44,2019,44,89.24000000000001,137.68
404,New Zealand,8,117.8,1,0.19,21,17.1,2019,9,117.99,135.09
405,Sweden,15,28.62,5,4.15,15,90.12,2019,20,32.77,122.89000000000001
406,Switzerland,20,11.06,5,52.29,26,47.03,2019,25,63.35,110.38
407,Anguilla,8,40.26,3,17.5,4,13.19,2019,11,57.76,70.95
408,Brunei Darussalam,1,1.1,6,53.59,6,14.92,2019,7,54.690000000000005,69.61
409,Luxembourg,5,45.62,1,0.34,6,10.85,2019,6,45.96,56.81
410,Philippines,3,0.05,0,0.0,36,51.92,2019,3,0.05,51.97
411,India,53,23.1,9,15.8,134,11.06,2019,62,38.900000000000006,49.96000000000001
412,Indonesia,19,12.76,4,17.32,25,14.0,2019,23,30.08,44.08
413,Qatar,0,0.0,0,0.0,3,42.79,2019,0,0.0,42.79
414,Bermuda,0,0.0,1,42.45,0,0.0,2019,1,42.45,42.45
415,Spain,7,8.28,8,9.74,24,22.19,2019,15,18.02,40.21
416,Russia,13,3.31,0,0.0,92,31.98,2019,13,3.31,35.29
417,Norway,4,0.12,1,28.0,13,4.35,2019,5,28.12,32.47
418,British West Indies,3,31.0,0,0.0,1,0.23,2019,3,31.0,31.23
419,Poland,5,26.75,0,0.0,16,1.71,2019,5,26.75,28.46
420,Denmark,11,3.63,2,10.11,19,10.82,2019,13,13.739999999999998,24.56
421,Ireland,4,21.08,0,0.0,14,0.42,2019,4,21.08,21.5
422,Pakistan,10,0.43,3,4.14,74,11.58,2019,13,4.569999999999999,16.15
423,Israel,5,10.39,1,0.2,14,5.45,2019,6,10.59,16.04
424,Czech Republic,1,0.22,1,0.42,10,15.33,2019,2,0.64,15.97
425,Mauritius,1,0.01,3,13.5,3,1.51,2019,4,13.51,15.02
426,Lithuania,3,6.2,1,7.75,3,1.06,2019,4,13.95,15.01
427,Macao,1,15.0,0,0.0,1,0.0,2019,1,15.0,15.0
428,Italia,16,3.8,2,5.16,43,4.22,2019,18,8.96,13.18
429,Sri Lanka,4,0.24,4,9.7,12,0.71,2019,8,9.94,10.649999999999999
430,Slovakia,2,0.01,0,0.0,3,10.05,2019,2,0.01,10.06
431,Belize,2,7.08,0,0.0,3,2.58,2019,2,7.08,9.66
432,United States Virgin Islands,0,0.0,1,1.34,1,8.17,2019,1,1.34,9.51
433,Afghanistan,1,0.04,0,0.0,33,9.31,2019,1,0.04,9.35
434,Marshall Islands,0,0.0,0,0.0,3,7.5,2019,0,0.0,7.5
435,Litva,1,6.78,0,0.0,0,0.0,2019,1,6.78,6.78
436,Panama,1,0.01,1,6.0,1,0.46,2019,2,6.01,6.47
437,Ukraina,2,0.1,0,0.0,23,6.22,2019,2,0.1,6.319999999999999
438,Republic of Cyprus,3,0.35,2,3.21,2,2.52,2019,5,3.56,6.08
439,Belgium,5,5.07,0,0.0,16,0.98,2019,5,5.07,6.050000000000001
440,Cambodia,4,1.25,0,0.0,10,4.41,2019,4,1.25,5.66
441,Oman,0,0.0,0,0.0,1,5.11,2019,0,0.0,5.11
442,Turkey,3,0.13,0,0.0,25,4.64,2019,3,0.13,4.77
443,United Arab Emirates,3,2.9,0,0.0,4,1.53,2019,3,2.9,4.43
444,Nigeria,5,0.37,0,0.0,87,3.92,2019,5,0.37,4.29
445,Bangladesh,4,0.11,0,0.0,26,2.64,2019,4,0.11,2.75
446,Austria,2,1.37,0,0.0,6,1.36,2019,2,1.37,2.7300000000000004
447,Kazakhstan,1,0.05,0,0.0,10,2.23,2019,1,0.05,2.28
448,Democratic Republic of the Congo,0,0.0,0,0.0,1,2.2,2019,0,0.0,2.2
449,Ukraine,0,0.0,0,0.0,4,1.72,2019,0,0.0,1.72
450,Latvia,1,0.09,0,0.0,6,1.44,2019,1,0.09,1.53
451,Hungary,0,0.0,0,0.0,4,1.43,2019,0,0.0,1.43
452,Saint Vincent and the Grenadines,1,1.3,0,0.0,0,0.0,2019,1,1.3,1.3
453,Bulgaria,1,1.07,0,0.0,2,0.04,2019,1,1.07,1.11
454,Armenia,0,0.0,0,0.0,2,1.0,2019,0,0.0,1.0
455,Poland,4,0.67,0,0.0,6,0.22,2019,4,0.67,0.89
456,Nepal,2,0.24,0,0.0,14,0.56,2019,2,0.24,0.8
457,Ethiopia,0,0.0,0,0.0,2,0.78,2019,0,0.0,0.78
458,Saudi Arabic,0,0.0,0,0.0,7,0.63,2019,0,0.0,0.63
459,Saint Kitts and Nevis,0,0.0,0,0.0,2,0.58,2019,0,0.0,0.58
460,Egypt,6,0.2,0,0.0,14,0.38,2019,6,0.2,0.5800000000000001
461,Bahamas,4,0.48,0,0.0,0,0.0,2019,4,0.48,0.48
462,Grece,0,0.0,0,0.0,8,0.37,2019,0,0.0,0.37
463,Isle of Man,0,0.0,0,0.0,1,0.3,2019,0,0.0,0.3
464,Chile,1,0.25,0,0.0,1,0.04,2019,1,0.25,0.29
465,Iraq,0,0.0,0,0.0,6,0.28,2019,0,0.0,0.28
466,Yemen,1,0.01,0,0.0,9,0.26,2019,1,0.01,0.27
467,Burkina Faso,0,0.0,0,0.0,4,0.26,2019,0,0.0,0.26
468,Jordan,1,0.01,0,0.0,5,0.25,2019,1,0.01,0.26
469,South Africa,3,0.09,0,0.0,5,0.16,2019,3,0.09,0.25
470,Laos,1,0.1,0,0.0,4,0.14,2019,1,0.1,0.24000000000000002
471,Island of Nevis,0,0.0,0,0.0,1,0.21,2019,0,0.0,0.21
472,Palestine,0,0.0,0,0.0,3,0.18,2019,0,0.0,0.18
473,Sudan,0,0.0,0,0.0,3,0.18,2019,0,0.0,0.18
474,Iran (Islamic Republic of),1,0.01,0,0.0,3,0.15,2019,1,0.01,0.16
475,Mali,0,0.0,0,0.0,3,0.13,2019,0,0.0,0.13
476,Andorra,0,0.0,0,0.0,1,0.13,2019,0,0.0,0.13
477,Myanmar,0,0.0,0,0.0,1,0.13,2019,0,0.0,0.13
478,Albania,0,0.0,0,0.0,2,0.12,2019,0,0.0,0.12
479,Antigua and Barbuda,0,0.0,1,0.05,1,0.07,2019,1,0.05,0.12000000000000001
480,Mexico,2,0.11,0,0.0,1,0.0,2019,2,0.11,0.11
481,Libya,2,0.12,0,0.0,0,0.0,2019,2,0.12,0.12
482,Brazil,1,0.01,0,0.0,3,0.11,2019,1,0.01,0.12
483,Kenya,0,0.0,0,0.0,1,0.1,2019,0,0.0,0.1
484,Honduras,1,0.1,0,0.0,0,0.0,2019,1,0.1,0.1
485,Syrian Arab Republic,2,0.08,0,0.0,0,0.0,2019,2,0.08,0.08
486,Guinea Bissau,0,0.0,0,0.0,1,0.08,2019,0,0.0,0.08
487,Belarus,2,0.05,0,0.0,1,0.02,2019,2,0.05,0.07
488,Djibouti,1,0.02,0,0.0,2,0.04,2019,1,0.02,0.06
489,Mongolia,0,0.0,0,0.0,2,0.06,2019,0,0.0,0.06
490,Vanuatu,0,0.0,0,0.0,2,0.06,2019,0,0.0,0.06
491,Rumani,0,0.0,0,0.0,6,0.04,2019,0,0.0,0.04
492,Dominica,0,0.0,0,0.0,1,0.04,2019,0,0.0,0.04
493,Somali,0,0.0,0,0.0,1,0.04,2019,0,0.0,0.04
494,Iceland,1,0.02,0,0.0,1,0.02,2019,1,0.02,0.04
495,Malawi,0,0.0,0,0.0,1,0.04,2019,0,0.0,0.04
496,Tuvalu,0,0.0,0,0.0,1,0.03,2019,0,0.0,0.03
497,Venezuela,0,0.0,0,0.0,1,0.03,2019,0,0.0,0.03
498,Liberia,0,0.0,0,0.0,1,0.02,2019,0,0.0,0.02
499,Trinidad and Tobago,0,0.0,0,0.0,1,0.02,2019,0,0.0,0.02
500,Algeria,0,0.0,0,0.0,1,0.02,2019,0,0.0,0.02
501,British Isles,0,0.0,0,0.0,1,0.02,2019,0,0.0,0.02
502,Kyrgyzstan,0,0.0,0,0.0,1,0.02,2019,0,0.0,0.02
503,Portugal,0,0.0,0,0.0,2,0.02,2019,0,0.0,0.02
504,Cameroon,2,0.01,0,0.0,0,0.0,2019,2,0.01,0.01
505,Costa Rica,1,0.01,0,0.0,0,0.0,2019,1,0.01,0.01
506,Lebanon,0,0.0,0,0.0,2,0.007,2019,0,0.0,0.007
507,Mozambique,0,0.0,0,0.0,1,0.01,2019,0,0.0,0.01
508,Colombia,0,0.0,0,0.0,1,0.004,2019,0,0.0,0.004
509,Ghana,0,0.0,0,0.0,1,0.004,2019,0,0.0,0.004
510,Singapore,248,6157.24,89,671.19,529,2165.69,2020,337,6828.43,8994.12
511,Korea,609,1205.8,354,1740.13,1823,1003.18,2020,963,2945.9300000000003,3949.11
512,China,342,1582.05,134,487.56,804,389.82,2020,476,2069.61,2459.4300000000003
513,Japan,272,786.03,155,432.96,523,1148.99,2020,427,1218.99,2367.98
514,Taiwan,131,1505.74,78,200.8,433,351.86,2020,209,1706.54,2058.4
515,Hongkong,211,1271.02,102,466.33,126,262.22,2020,313,1737.35,1999.57
516,Thailand,40,292.36,23,1357.34,100,135.79,2020,63,1649.6999999999998,1785.4899999999998
517,BritishVirginIslands,30,310.82,25,206.5,38,385.61,2020,55,517.3199999999999,902.93
518,Neitherland,36,293.67,16,158.0,42,444.86,2020,52,451.67,896.53
519,Cayman Islands,3,100.2,1,2.0,33,286.07,2020,4,102.2,388.27
520,The United States of America,95,180.45,16,40.61,262,139.17,2020,111,221.06,360.23
521,Philippines,7,295.36,0,0.0,35,12.31,2020,7,295.36,307.67
522,Seychelles,36,134.68,12,22.45,19,101.52,2020,48,157.13,258.65
523,United Kingdom,42,15.7,15,129.09,81,104.65,2020,57,144.79,249.44
524,Samoa,31,134.03,20,88.36,16,19.79,2020,51,222.39,242.17999999999998
525,Malaysia,33,61.44,12,94.25,121,39.33,2020,45,155.69,195.01999999999998
526,Germany,29,74.55,10,30.22,67,41.29,2020,39,104.77,146.06
527,France,52,43.86,11,17.41,175,73.11,2020,63,61.269999999999996,134.38
528,Switzerland,11,20.09,9,44.71,30,37.42,2020,20,64.8,102.22
529,Poland,3,1.52,4,90.1,9,2.53,2020,7,91.61999999999999,94.14999999999999
530,Australia,41,5.52,2,1.68,131,64.06,2020,43,7.199999999999999,71.26
531,Canada,22,4.32,6,5.86,78,57.28,2020,28,10.18,67.46000000000001
532,Luxembourg,1,1.5,2,38.26,12,9.57,2020,3,39.76,49.33
533,Kenya,1,40.77,0,0.0,2,8.06,2020,1,40.77,48.830000000000005
534,Belize,4,13.9,3,3.47,4,19.16,2020,7,17.37,36.53
535,India,47,15.93,5,1.07,110,13.77,2020,52,17.0,30.77
536,Anguilla,3,4.8,4,16.17,1,9.74,2020,7,20.970000000000002,30.71
537,Indonesia,10,15.51,3,3.4,14,10.05,2020,13,18.91,28.96
538,British West Indies,1,11.57,4,16.6,0,0.0,2020,5,28.17,28.17
539,United Arab Emirates,5,17.4,1,0.06,2,6.83,2020,6,17.459999999999997,24.29
540,Afghanistan,1,0.06,1,0.0,36,22.97,2020,2,0.06,23.029999999999998
541,Cambodia,5,6.85,0,0.0,8,16.14,2020,5,6.85,22.990000000000002
542,Iceland,2,8.3,1,12.0,0,0.0,2020,3,20.3,20.3
543,Marshall Islands,2,10.5,1,0.47,2,6.24,2020,3,10.97,17.21
544,Spain,7,1.09,2,10.12,9,0.38,2020,9,11.209999999999999,11.59
545,Denmark,5,1.85,2,8.5,12,1.18,2020,7,10.35,11.53
546,Israel,5,0.04,2,3.25,19,5.66,2020,7,3.29,8.95
547,Mauritius,2,1.66,1,7.0,1,0.05,2020,3,8.66,8.71
548,Russia,9,0.59,1,0.1,83,8.02,2020,10,0.69,8.709999999999999
549,Panama,1,7.0,1,0.7,1,0.9,2020,2,7.7,8.6
550,Pakistan,1,0.01,1,0.15,24,8.14,2020,2,0.16,8.3
551,Ukraina,2,0.09,0,0.0,16,8.05,2020,2,0.09,8.14
552,Sweden,5,0.79,1,1.77,17,4.47,2020,6,2.56,7.029999999999999
553,Nigeria,1,0.04,2,0.05,61,6.91,2020,3,0.09,7.0
554,Italia,11,2.95,1,0.51,23,3.28,2020,12,3.46,6.74
555,Belgium,8,3.69,0,0.0,15,0.62,2020,8,3.69,4.31
556,Ireland,3,0.07,0,0.0,9,3.99,2020,3,0.07,4.0600000000000005
557,Republic of Cyprus,4,0.1,0,0.0,5,3.01,2020,4,0.1,3.11
558,Macao,1,0.05,3,2.92,2,0.1,2020,4,2.9699999999999998,3.07
559,South Africa,3,0.1,0,0.0,9,2.5,2020,3,0.1,2.6
560,Portugal,0,0.0,0,0.0,5,2.44,2020,0,0.0,2.44
561,Brazil,0,0.0,0,0.0,8,2.33,2020,0,0.0,2.33
562,Laos,0,0.0,0,0.0,3,2.26,2020,0,0.0,2.26
563,Turkey,4,0.09,0,0.0,8,1.75,2020,4,0.09,1.84
564,Egypt,6,0.34,0,0.0,9,0.96,2020,6,0.34,1.3
565,Bangladesh,0,0.0,0,0.0,9,1.19,2020,0,0.0,1.19
566,Poland,5,0.3,2,0.27,6,0.6,2020,7,0.5700000000000001,1.17
567,Austria,1,0.04,0,0.0,7,1.11,2020,1,0.04,1.1500000000000001
568,New Zealand,4,0.2,0,0.0,15,0.92,2020,4,0.2,1.12
569,Ethiopia,0,0.0,0,0.0,2,0.95,2020,0,0.0,0.95
570,Mali,0,0.0,0,0.0,2,0.91,2020,0,0.0,0.91
571,Malta,1,0.6,0,0.0,1,0.26,2020,1,0.6,0.86
572,Kazakhstan,2,0.02,0,0.0,6,0.77,2020,2,0.02,0.79
573,Venezuela,0,0.0,0,0.0,1,0.77,2020,0,0.0,0.77
574,Saudi Arabic,1,0.06,0,0.0,3,0.71,2020,1,0.06,0.77
575,Burkina Faso,0,0.0,0,0.0,3,0.65,2020,0,0.0,0.65
576,Syrian Arab Republic,0,0.0,0,0.0,4,0.65,2020,0,0.0,0.65
577,Sri Lanka,2,0.13,0,0.0,6,0.5,2020,2,0.13,0.63
578,Saint Kitts and Nevis,1,0.02,0,0.0,1,0.6,2020,1,0.02,0.62
579,Czech Republic,1,0.1,1,0.19,7,0.3,2020,2,0.29000000000000004,0.5900000000000001
580,Grece,0,0.0,0,0.0,4,0.31,2020,0,0.0,0.31
581,Iran (Islamic Republic of),1,0.02,0,0.0,4,0.2,2020,1,0.02,0.22
582,Cuba,1,0.2,0,0.0,0,0.0,2020,1,0.2,0.2
583,Cameroon,1,0.18,0,0.0,0,0.0,2020,1,0.18,0.18
584,Norway,2,0.16,0,0.0,2,0.02,2020,2,0.16,0.18
585,Latvia,0,0.0,0,0.0,3,0.16,2020,0,0.0,0.16
586,Trinidad and Tobago,0,0.0,0,0.0,1,0.13,2020,0,0.0,0.13
587,Albania,0,0.0,0,0.0,2,0.13,2020,0,0.0,0.13
588,Lithuania,1,0.01,0,0.0,4,0.12,2020,1,0.01,0.13
589,Palestine,1,0.04,0,0.0,1,0.09,2020,1,0.04,0.13
590,Dominica,1,0.04,0,0.0,2,0.06,2020,1,0.04,0.1
591,Vanuatu,0,0.0,0,0.0,2,0.1,2020,0,0.0,0.1
592,Nepal,0,0.0,0,0.0,3,0.1,2020,0,0.0,0.1
593,Yemen,1,0.01,0,0.0,2,0.09,2020,1,0.01,0.09999999999999999
594,Sudan,0,0.0,0,0.0,1,0.09,2020,0,0.0,0.09
595,Jordan,0,0.0,0,0.0,1,0.09,2020,0,0.0,0.09
596,Slovakia,0,0.0,0,0.0,3,0.08,2020,0,0.0,0.08
597,Cote deIvoire,0,0.0,0,0.0,1,0.06,2020,0,0.0,0.06
598,Iraq,1,0.01,0,0.0,3,0.05,2020,1,0.01,0.060000000000000005
599,Belarus,1,0.04,1,0.01,0,0.0,2020,2,0.05,0.05
600,Guinea,1,0.01,0,0.0,1,0.04,2020,1,0.01,0.05
601,Republic of Moldova,0,0.0,0,0.0,2,0.05,2020,0,0.0,0.05
602,Chile,2,0.03,0,0.0,2,0.01,2020,2,0.03,0.04
603,Hungary,0,0.0,0,0.0,2,0.04,2020,0,0.0,0.04
604,Turkmenistan,0,0.0,0,0.0,1,0.03,2020,0,0.0,0.03
605,Rumani,0,0.0,0,0.0,2,0.03,2020,0,0.0,0.03
606,Argentina,1,0.02,0,0.0,1,0.0,2020,1,0.02,0.02
607,Algeria,0,0.0,0,0.0,1,0.02,2020,0,0.0,0.02
608,Libya,0,0.0,0,0.0,1,0.02,2020,0,0.0,0.02
609,Bulgaria,0,0.0,0,0.0,1,0.02,2020,0,0.0,0.02
610,Lebanon,1,0.02,0,0.0,0,0.0,2020,1,0.02,0.02
611,Liberia,0,0.0,0,0.0,3,0.02,2020,0,0.0,0.02
612,Mexico,0,0.0,0,0.0,2,0.02,2020,0,0.0,0.02
613,Serbia,0,0.0,0,0.0,1,0.02,2020,0,0.0,0.02
614,Colombia,2,0.02,0,0.0,0,0.0,2020,2,0.02,0.02
615,Litva,0,0.0,0,0.0,1,0.01,2020,0,0.0,0.01
616,Bahamas,1,0.01,0,0.0,0,0.0,2020,1,0.01,0.01
617,Lesotho,1,0.01,0,0.0,0,0.0,2020,1,0.01,0.01
618,Democratic Republic of the Congo,0,0.0,0,0.0,1,0.01,2020,0,0.0,0.01
619,El Salvador,0,0.0,0,0.0,1,0.01,2020,0,0.0,0.01
620,Kyrgyzstan,0,0.0,0,0.0,1,3e-05,2020,0,0.0,3e-05
621,Singapore,221,6105.13,93,1238.08,332,3368.77,2021,314,7343.21,10711.98
622,Korea,361,1198.94,280,3162.82,1301,591.43,2021,641,4361.76,4953.1900000000005
623,Japan,199,2790.27,132,859.76,209,247.45,2021,331,3650.0299999999997,3897.4799999999996
624,China,204,1664.35,117,1047.54,433,209.83,2021,321,2711.89,2921.72
625,Hongkong,126,1672.24,96,470.07,80,173.46,2021,222,2142.31,2315.77
626,Taiwan,63,284.85,61,805.39,209,161.75,2021,124,1090.24,1251.99
627,Neitherland,24,119.44,16,186.55,32,816.34,2021,40,305.99,1122.33
628,The United States of America,77,398.4,23,255.48,160,84.78,2021,100,653.88,738.66
629,BritishVirginIslands,27,219.8,23,197.03,17,152.72,2021,50,416.83000000000004,569.5500000000001
630,Cayman Islands,7,15.2,6,38.84,14,377.23,2021,13,54.040000000000006,431.27000000000004
631,Thailand,35,199.43,20,4.25,37,146.06,2021,55,203.68,349.74
632,United Kingdom,48,53.25,13,120.62,84,129.13,2021,61,173.87,303.0
633,Samoa,15,80.7,15,184.08,8,12.78,2021,30,264.78000000000003,277.56
634,Switzerland,12,11.45,3,137.18,15,22.1,2021,15,148.63,170.73
635,Seychelles,17,93.62,11,39.19,9,20.03,2021,28,132.81,152.84
636,Malaysia,20,23.19,11,40.24,60,79.41,2021,31,63.43000000000001,142.84
637,Germany,34,85.66,12,20.93,53,19.42,2021,46,106.59,126.01
638,Turkey,3,0.32,1,82.7,16,2.73,2021,4,83.02,85.75
639,Australia,35,38.58,9,5.88,94,32.54,2021,44,44.46,77.0
640,Canada,20,15.86,3,1.72,60,44.78,2021,23,17.58,62.36
641,Philippines,6,54.75,0,0.0,22,6.68,2021,6,54.75,61.43
642,Bermuda,0,0.0,1,49.8,0,0.0,2021,1,49.8,49.8
643,Denmark,6,13.49,2,24.62,16,9.19,2021,8,38.11,47.3
644,France,31,2.19,10,11.79,119,25.24,2021,41,13.979999999999999,39.22
645,Kenya,0,0.0,0,0.0,1,29.97,2021,0,0.0,29.97
646,United States Virgin Islands,1,27.5,1,1.76,0,0.0,2021,2,29.26,29.26
647,India,26,5.51,7,6.62,60,7.02,2021,33,12.129999999999999,19.15
648,Afghanistan,0,0.0,0,0.0,12,18.19,2021,0,0.0,18.19
649,Belgium,5,0.59,0,0.0,16,16.19,2021,5,0.59,16.78
650,Belarus,0,0.0,1,15.99,3,0.05,2021,1,15.99,16.04
651,Ireland,6,0.66,0,0.0,9,13.18,2021,6,0.66,13.84
652,Israel,6,1.39,2,9.9,12,1.84,2021,8,11.290000000000001,13.13
653,Italia,16,6.97,2,4.2,19,1.27,2021,18,11.17,12.44
654,Macao,1,10.87,1,1.5,0,0.0,2021,2,12.37,12.37
655,Sweden,10,11.33,0,0.0,4,0.71,2021,10,11.33,12.04
656,Belize,1,9.5,0,0.0,1,1.81,2021,1,9.5,11.31
657,Anguilla,1,10.0,0,0.0,0,0.0,2021,1,10.0,10.0
658,Spain,5,0.24,2,6.49,13,3.23,2021,7,6.73,9.96
659,Brunei Darussalam,0,0.0,1,0.26,1,8.66,2021,1,0.26,8.92
660,Russia,5,0.12,1,0.62,59,7.38,2021,6,0.74,8.12
661,Saudi Arabic,1,7.5,0,0.0,2,0.35,2021,1,7.5,7.85
662,Nigeria,2,0.03,0,0.0,32,5.91,2021,2,0.03,5.94
663,Indonesia,3,0.17,0,0.0,9,5.49,2021,3,0.17,5.66
664,Sierra Leone,0,0.0,0,0.0,1,5.17,2021,0,0.0,5.17
665,Marshall Islands,1,5.0,0,0.0,0,0.0,2021,1,5.0,5.0
666,Cambodia,1,0.15,0,0.0,4,4.01,2021,1,0.15,4.16
667,Luxembourg,1,0.5,1,3.0,3,0.61,2021,2,3.5,4.11
668,Channel Islands,0,0.0,0,0.0,1,3.99,2021,0,0.0,3.99
669,Hungary,2,2.08,0,0.0,4,0.18,2021,2,2.08,2.2600000000000002
670,Pakistan,4,0.23,1,0.5,17,2.38,2021,5,0.73,3.11
671,Yemen,0,0.0,0,0.0,6,2.0,2021,0,0.0,2.0
672,Panama,0,0.0,2,1.6,0,0.0,2021,2,1.6,1.6
673,Austria,2,0.28,0,0.0,3,1.12,2021,2,0.28,1.4000000000000001
674,Kazakhstan,1,0.02,0,0.0,4,1.35,2021,1,0.02,1.37
675,New Zealand,4,0.18,0,0.0,15,1.13,2021,4,0.18,1.3099999999999998
676,Albania,1,1.24,0,0.0,0,0.0,2021,1,1.24,1.24
677,Ukraina,0,0.0,0,0.0,15,1.05,2021,0,0.0,1.05
678,Mauritius,0,0.0,1,1.0,0,0.0,2021,1,1.0,1.0
679,South Africa,2,0.05,0,0.0,9,0.84,2021,2,0.05,0.89
680,Sri Lanka,1,0.2,0,0.0,3,0.61,2021,1,0.2,0.81
681,Maroc,1,0.03,0,0.0,2,0.77,2021,1,0.03,0.8
682,Uzbekistan,0,0.0,0,0.0,1,0.65,2021,0,0.0,0.65
683,Czech Republic,3,0.09,0,0.0,4,0.53,2021,3,0.09,0.62
684,Uruguay,1,0.04,0,0.0,2,0.55,2021,1,0.04,0.5900000000000001
685,Norway,5,0.57,0,0.0,1,0.01,2021,5,0.57,0.58
686,Egypt,1,0.01,1,0.03,6,0.5,2021,2,0.04,0.54
687,Cote deIvoire,0,0.0,0,0.0,3,0.51,2021,0,0.0,0.51
688,Poland,2,0.09,0,0.0,5,0.39,2021,2,0.09,0.48
689,United Arab Emirates,4,0.33,0,0.0,1,0.13,2021,4,0.33,0.46
690,Rumani,0,0.0,0,0.0,2,0.47,2021,0,0.0,0.47
691,Poland,4,0.13,0,0.0,4,0.32,2021,4,0.13,0.45
692,Slovakia,2,0.02,0,0.0,3,0.42,2021,2,0.02,0.44
693,Guinea Bissau,0,0.0,0,0.0,2,0.42,2021,0,0.0,0.42
694,Iraq,0,0.0,0,0.0,1,0.39,2021,0,0.0,0.39
695,Armenia,0,0.0,0,0.0,4,0.32,2021,0,0.0,0.32
696,Iran (Islamic Republic of),1,0.01,0,0.0,2,0.28,2021,1,0.01,0.29000000000000004
697,Lithuania,0,0.0,0,0.0,1,0.27,2021,0,0.0,0.27
698,Grece,2,0.05,0,0.0,4,0.22,2021,2,0.05,0.27
699,Libya,0,0.0,0,0.0,1,0.26,2021,0,0.0,0.26
700,Bangladesh,0,0.0,0,0.0,2,0.23,2021,0,0.0,0.23
701,Brazil,1,0.02,0,0.0,3,0.2,2021,1,0.02,0.22
702,Jordan,0,0.0,0,0.0,2,0.22,2021,0,0.0,0.22
703,Bulgaria,2,0.04,0,0.0,1,0.13,2021,2,0.04,0.17
704,Lebanon,1,0.05,1,0.11,0,0.0,2021,2,0.16,0.16
705,Laos,1,0.15,0,0.0,0,0.0,2021,1,0.15,0.15
706,Liberia,0,0.0,0,0.0,1,0.14,2021,0,0.0,0.14
707,Myanmar,0,0.0,0,0.0,2,0.14,2021,0,0.0,0.14
708,Romania,0,0.0,0,0.0,1,0.14,2021,0,0.0,0.14
709,Cuba,1,0.13,0,0.0,0,0.0,2021,1,0.13,0.13
710,Mongolia,0,0.0,0,0.0,1,0.13,2021,0,0.0,0.13
711,Syrian Arab Republic,0,0.0,0,0.0,1,0.13,2021,0,0.0,0.13
712,Mali,0,0.0,0,0.0,1,0.11,2021,0,0.0,0.11
713,Nepal,1,0.03,0,0.0,2,0.07,2021,1,0.03,0.1
714,Nicaragua,0,0.0,0,0.0,1,0.04,2021,0,0.0,0.04
715,Zimbabwe,0,0.0,0,0.0,1,0.03,2021,0,0.0,0.03
716,Congo,1,0.02,0,0.0,0,0.0,2021,1,0.02,0.02
717,Mexico,1,0.022,0,0.0,0,0.0,2021,1,0.022,0.022
718,Saint Kitts and Nevis,0,0.0,0,0.0,1,0.02,2021,0,0.0,0.02
719,Argentina,1,0.004,0,0.0,2,0.01,2021,1,0.004,0.014
720,Estonia,1,0.01,0,0.0,0,0.0,2021,1,0.01,0.01
721,Palestine,0,0.0,0,0.0,1,0.004,2021,0,0.0,0.004
722,Isle of Man,0,0.0,0,0.0,1,0.004,2021,0,0.0,0.004
723,Tanzania,0,0.0,0,0.0,1,0.004,2021,0,0.0,0.004
724,Latvia,0,0.0,0,0.0,2,0.003,2021,0,0.0,0.003
725,Vanuatu,0,0.0,0,0.0,1,0.002,2021,0,0.0,0.002
726,Republic of Cyprus,1,0.15,2,10.09,2,4.47,2021,3,10.24,14.71
727,Singapore,280,2120.23,113,2500.71,376,1834.07,2022,393,4620.9400000000005,6455.01
728,Korea,416,1118.85,361,2818.57,1215,941.59,2022,777,3937.42,4879.01
729,Japan,203,3388.39,162,1170.14,216,222.86,2022,365,4558.53,4781.389999999999
730,China,283,1356.53,127,1002.83,312,158.65,2022,410,2359.36,2518.01
731,Hongkong,134,1101.22,79,958.54,58,164.12,2022,213,2059.76,2223.88
732,Taiwan,86,512.8,54,648.31,216,190.51,2022,140,1161.11,1351.62
733,Denmark,8,1320.52,3,1.44,8,1.22,2022,11,1321.96,1323.18
734,The United States of America,91,531.56,22,48.11,166,168.5,2022,113,579.67,748.17
735,Neitherland,31,43.73,8,41.55,30,616.9,2022,39,85.28,702.18
736,BritishVirginIslands,25,192.72,20,216.34,20,197.94,2022,45,409.06,607.0
737,Samoa,20,98.74,17,197.04,7,9.99,2022,37,295.78,305.77
738,Cayman Islands,4,1.51,1,96.49,19,124.61,2022,5,98.0,222.61
739,Thailand,37,110.06,16,72.62,50,161.42,2022,53,182.68,344.1
740,Malaysia,38,9.29,7,131.29,87,44.6,2022,45,140.57999999999998,185.17999999999998
741,Bermuda,2,180.28,0,0.0,0,0.0,2022,2,180.28,180.28
742,France,26,38.16,12,107.99,79,18.78,2022,38,146.14999999999998,164.92999999999998
743,United Kingdom,53,64.33,15,29.11,55,41.21,2022,68,93.44,134.65
744,Germany,32,58.47,13,48.27,33,10.34,2022,45,106.74000000000001,117.08000000000001
745,Seychelles,19,55.89,10,23.13,14,35.12,2022,29,79.02,114.13999999999999
746,Australia,36,7.4,8,16.53,87,47.32,2022,44,23.93,71.25
747,Canada,14,7.44,2,0.08,49,49.82,2022,16,7.5200000000000005,57.34
748,Sweden,6,37.61,1,3.0,9,3.32,2022,7,40.61,43.93
749,Luxembourg,4,35.02,3,4.25,5,10.65,2022,7,39.27,49.92
750,India,42,1.96,5,23.23,61,6.58,2022,47,25.19,31.770000000000003
751,Indonesia,4,0.53,3,25.17,4,5.44,2022,7,25.700000000000003,31.140000000000004
752,Brunei Darussalam,1,5.0,3,22.55,1,1.0,2022,4,27.55,28.55
753,Poland,3,0.01,2,22.54,1,0.03,2022,5,22.55,22.580000000000002
754,Russia,12,7.64,3,4.32,64,8.39,2022,15,11.96,20.35
755,Cambodia,2,1.01,0,0.0,2,16.94,2022,2,1.01,17.950000000000003
756,Spain,5,5.94,4,3.3,4,6.94,2022,9,9.24,16.18
757,Philippines,3,0.8,1,2.0,68,11.72,2022,4,2.8,14.52
758,Marshall Islands,7,13.97,0,0.0,0,0.0,2022,7,13.97,13.97
759,Italia,10,0.39,4,9.28,12,1.91,2022,14,9.67,11.58
760,Nigeria,1,0.12,0,0.0,49,11.42,2022,1,0.12,11.54
761,Switzerland,16,4.55,5,5.87,11,0.71,2022,21,10.42,11.129999999999999
762,Belize,2,0.23,2,5.08,2,1.33,2022,4,5.3100000000000005,6.640000000000001
763,Mauritius,2,1.05,1,5.5,0,0.0,2022,3,6.55,6.55
764,Hungary,3,2.37,1,3.14,1,0.06,2022,4,5.51,5.569999999999999
765,United States Virgin Islands,0,0.0,2,3.82,1,0.95,2022,2,3.82,4.77
766,New Zealand,5,1.72,0,0.0,8,1.32,2022,5,1.72,3.04
767,Austria,6,0.92,1,0.13,5,1.82,2022,7,1.05,2.87
768,Ireland,9,1.37,1,0.25,6,1.03,2022,10,1.62,2.6500000000000004
769,Pakistan,3,0.95,1,0.05,9,1.29,2022,4,1.0,2.29
770,Laos,0,0.0,0,0.0,2,2.09,2022,0,0.0,2.09
771,Czech Republic,2,1.12,1,0.01,3,0.67,2022,3,1.1300000000000001,1.8000000000000003
772,Ukraina,0,0.0,0,0.0,9,1.68,2022,0,0.0,1.68
773,Belgium,1,0.84,2,0.19,9,0.45,2022,3,1.03,1.48
774,Poland,2,0.06,1,0.56,3,0.79,2022,3,0.6200000000000001,1.4100000000000001
775,Sri Lanka,1,0.01,0,0.0,8,1.15,2022,1,0.01,1.16
776,Afghanistan,2,0.04,0,0.0,2,1.1,2022,2,0.04,1.1400000000000001
777,Yemen,0,0.0,1,0.09,3,1.0,2022,1,0.09,1.09
778,Republic of Cyprus,3,0.42,1,0.24,5,0.37,2022,4,0.6599999999999999,1.0299999999999998
779,South Africa,3,0.16,0,0.0,7,0.79,2022,3,0.16,0.9500000000000001
780,Saint Kitts and Nevis,0,0.0,0,0.0,3,0.91,2022,0,0.0,0.91
781,Cuba,0,0.0,0,0.0,3,0.9,2022,0,0.0,0.9
782,Turkey,5,0.37,3,0.03,20,0.45,2022,8,0.4,0.8500000000000001
783,Syrian Arab Republic,0,0.0,0,0.0,3,0.83,2022,0,0.0,0.83
784,Israel,1,0.04,1,0.2,6,0.52,2022,2,0.24000000000000002,0.76
785,United Arab Emirates,2,0.27,1,0.25,2,0.22,2022,3,0.52,0.74
786,Egypt,1,0.05,0,0.0,2,0.67,2022,1,0.05,0.7200000000000001
787,Cote deIvoire,0,0.0,0,0.0,2,0.69,2022,0,0.0,0.69
788,Bangladesh,1,0.05,0,0.0,4,0.58,2022,1,0.05,0.63
789,Norway,4,0.26,0,0.0,4,0.29,2022,4,0.26,0.55
790,Kazakhstan,0,0.0,0,0.0,5,0.55,2022,0,0.0,0.55
791,Saint Vincent and the Grenadines,0,0.0,0,0.0,1,0.45,2022,0,0.0,0.45
792,Bahamas,0,0.0,0,0.0,1,0.42,2022,0,0.0,0.42
793,Burundi,0,0.0,0,0.0,1,0.38,2022,0,0.0,0.38
794,Vanuatu,0,0.0,0,0.0,3,0.36,2022,0,0.0,0.36
795,Iran (Islamic Republic of),2,0.03,1,0.02,3,0.31,2022,3,0.05,0.36
796,Sudan,0,0.0,0,0.0,1,0.3,2022,0,0.0,0.3
797,Latvia,0,0.0,0,0.0,3,0.29,2022,0,0.0,0.29
798,Burkina Faso,0,0.0,0,0.0,1,0.28,2022,0,0.0,0.28
799,Guinea,0,0.0,0,0.0,1,0.27,2022,0,0.0,0.27
800,Armenia,2,0.14,0,0.0,1,0.13,2022,2,0.14,0.27
801,Rumani,1,0.13,1,0.13,0,0.0,2022,2,0.26,0.26
802,Dominica,0,0.0,0,0.0,2,0.24,2022,0,0.0,0.24
803,Lebanon,2,0.09,0,0.0,1,0.13,2022,2,0.09,0.22
804,Grece,1,0.01,0,0.0,1,0.21,2022,1,0.01,0.22
805,Macao,0,0.0,0,0.0,1,0.21,2022,0,0.0,0.21
806,Algeria,0,0.0,0,0.0,2,0.19,2022,0,0.0,0.19
807,Bulgaria,3,0.18,0,0.0,0,0.0,2022,3,0.18,0.18
808,Grenada,1,0.15,0,0.0,0,0.0,2022,1,0.15,0.15
809,Portugal,0,0.0,0,0.0,2,0.14,2022,0,0.0,0.14
810,Antigua and Barbuda,0,0.0,1,0.14,0,0.0,2022,1,0.14,0.14
811,Libya,1,0.13,0,0.0,0,0.0,2022,1,0.13,0.13
812,Colombia,0,0.0,0,0.0,1,0.13,2022,0,0.0,0.13
813,Venezuela,1,0.02,0,0.0,1,0.11,2022,1,0.02,0.13
814,Myanmar,2,0.11,0,0.0,0,0.0,2022,2,0.11,0.11
815,Ethiopia,0,0.0,0,0.0,1,0.11,2022,0,0.0,0.11
816,Malta,1,0.1,0,0.0,0,0.0,2022,1,0.1,0.1
817,Chile,0,0.0,0,0.0,1,0.09,2022,0,0.0,0.09
818,Lithuania,1,0.08,0,0.0,0,0.0,2022,1,0.08,0.08
819,Belarus,0,0.0,0,0.0,2,0.07,2022,0,0.0,0.07
820,Uganda,1,0.05,0,0.0,0,0.0,2022,1,0.05,0.05
821,Albania,0,0.0,0,0.0,1,0.05,2022,0,0.0,0.05
822,Jordan,1,0.04,0,0.0,0,0.0,2022,1,0.04,0.04
823,Kyrgyzstan,0,0.0,0,0.0,1,0.03,2022,0,0.0,0.03
824,Tunisia,0,0.0,0,0.0,1,0.03,2022,0,0.0,0.03
825,Brazil,1,0.02,0,0.0,1,0.01,2022,1,0.02,0.03
826,Iceland,0,0.0,0,0.0,1,0.01,2022,0,0.0,0.01
827,Argentina,1,0.01,0,0.0,0,0.0,2022,1,0.01,0.01
828,Nepal,0,0.0,0,0.0,1,0.01,2022,0,0.0,0.01
829,Djibouti,0,0.0,0,0.0,1,0.01,2022,0,0.0,0.01
830,Estonia,0,0.0,0,0.0,1,0.01,2022,0,0.0,0.01
831,Republic of Moldova,1,0.01,0,0.0,0,0.0,2022,1,0.01,0.01
832,Cameroon,1,0.01,0,0.0,0,0.0,2022,1,0.01,0.01
833,Isle of Man,0,0.0,0,0.0,1,0.004,2022,0,0.0,0.004
834,Slovenia,0,0.0,0,0.0,1,0.004,2022,0,0.0,0.004
